source_split,case_id,image,majority_mask,shape,spacing_mm,expert_1_voxels,expert_2_voxels,expert_3_voxels,majority_voxels,disagreement_voxels,qc_flag
training_set,UKCHLL001,data/extracted/curvas/training_set/UKCHLL001/image.nii.gz,data/derived/curvas/pancreas_majority_vote/UKCHLL001.nii.gz,512x512x953,0.96318x0.96318x1,91470,99679,98535,95110,26134,PASS_AUTOMATED
training_set,UKCHLL002,data/extracted/curvas/training_set/UKCHLL002/image.nii.gz,data/derived/curvas/pancreas_majority_vote/UKCHLL002.nii.gz,512x512x807,0.976562x0.976562x1,58639,68666,65914,65161,19458,PASS_AUTOMATED
training_set,UKCHLL009,data/extracted/curvas/training_set/UKCHLL009/image.nii.gz,data/derived/curvas/pancreas_majority_vote/UKCHLL009.nii.gz,512x512x579,0.976074x0.976074x1,87668,99785,96155,95474,21768,PASS_AUTOMATED
training_set,UKCHLL011,data/extracted/curvas/training_set/UKCHLL011/image.nii.gz,data/derived/curvas/pancreas_majority_vote/UKCHLL011.nii.gz,512x512x925,0.944766x0.944766x1,99119,101559,99675,101300,26887,PASS_AUTOMATED
training_set,UKCHLL015,data/extracted/curvas/training_set/UKCHLL015/image.nii.gz,data/derived/curvas/pancreas_majority_vote/UKCHLL015.nii.gz,512x512x1010,0.933961x0.933961x1,105760,112490,106588,106765,35617,PASS_AUTOMATED
training_set,UKCHLL017,data/extracted/curvas/training_set/UKCHLL017/image.nii.gz,data/derived/curvas/pancreas_majority_vote/UKCHLL017.nii.gz,512x512x959,0.973645x0.973645x1,59658,82610,67806,69847,30709,PASS_AUTOMATED
training_set,UKCHLL021,data/extracted/curvas/training_set/UKCHLL021/image.nii.gz,data/derived/curvas/pancreas_majority_vote/UKCHLL021.nii.gz,512x512x891,0.976562x0.976562x1,99033,113040,110937,110019,23013,PASS_AUTOMATED
training_set,UKCHLL023,data/extracted/curvas/training_set/UKCHLL023/image.nii.gz,data/derived/curvas/pancreas_majority_vote/UKCHLL023.nii.gz,512x512x1021,0.976551x0.976551x1,209748,229141,221711,220937,39517,PASS_AUTOMATED
training_set,UKCHLL031,data/extracted/curvas/training_set/UKCHLL031/image.nii.gz,data/derived/curvas/pancreas_majority_vote/UKCHLL031.nii.gz,512x512x607,0.962023x0.962023x1,172056,176522,166890,171508,33404,PASS_AUTOMATED
training_set,UKCHLL034,data/extracted/curvas/training_set/UKCHLL034/image.nii.gz,data/derived/curvas/pancreas_majority_vote/UKCHLL034.nii.gz,512x512x933,0.976184x0.976184x1,123851,130003,128930,128889,28869,PASS_AUTOMATED
training_set,UKCHLL035,data/extracted/curvas/training_set/UKCHLL035/image.nii.gz,data/derived/curvas/pancreas_majority_vote/UKCHLL035.nii.gz,512x512x1010,0.895367x0.895367x1,130810,164138,145084,148766,54686,PASS_AUTOMATED
training_set,UKCHLL037,data/extracted/curvas/training_set/UKCHLL037/image.nii.gz,data/derived/curvas/pancreas_majority_vote/UKCHLL037.nii.gz,512x512x1090,0.820312x0.820312x0.6,146841,160849,159732,156994,37970,PASS_AUTOMATED
training_set,UKCHLL038,data/extracted/curvas/training_set/UKCHLL038/image.nii.gz,data/derived/curvas/pancreas_majority_vote/UKCHLL038.nii.gz,512x512x963,0.849055x0.849055x1,138341,144740,147807,144779,26675,PASS_AUTOMATED
training_set,UKCHLL039,data/extracted/curvas/training_set/UKCHLL039/image.nii.gz,data/derived/curvas/pancreas_majority_vote/UKCHLL039.nii.gz,512x512x998,0.950766x0.950766x1,109113,126820,118105,116660,33372,PASS_AUTOMATED
training_set,UKCHLL041,data/extracted/curvas/training_set/UKCHLL041/image.nii.gz,data/derived/curvas/pancreas_majority_vote/UKCHLL041.nii.gz,512x512x618,0.976562x0.976562x1,121299,132642,120526,123594,27405,PASS_AUTOMATED
training_set,UKCHLL042,data/extracted/curvas/training_set/UKCHLL042/image.nii.gz,data/derived/curvas/pancreas_majority_vote/UKCHLL042.nii.gz,512x512x1036,0.96866x0.96866x1,122941,134177,128970,128788,31080,PASS_AUTOMATED
training_set,UKCHLL043,data/extracted/curvas/training_set/UKCHLL043/image.nii.gz,data/derived/curvas/pancreas_majority_vote/UKCHLL043.nii.gz,512x512x605,0.900516x0.900516x1,166102,192984,172492,174835,49019,PASS_AUTOMATED
training_set,UKCHLL045,data/extracted/curvas/training_set/UKCHLL045/image.nii.gz,data/derived/curvas/pancreas_majority_vote/UKCHLL045.nii.gz,512x512x1017,0.976562x0.976562x1,134237,144404,133989,138279,29389,PASS_AUTOMATED
training_set,UKCHLL046,data/extracted/curvas/training_set/UKCHLL046/image.nii.gz,data/derived/curvas/pancreas_majority_vote/UKCHLL046.nii.gz,512x512x1073,0.93609x0.93609x1,167454,169826,156871,163013,32174,PASS_AUTOMATED
training_set,UKCHLL048,data/extracted/curvas/training_set/UKCHLL048/image.nii.gz,data/derived/curvas/pancreas_majority_vote/UKCHLL048.nii.gz,512x512x887,0.817129x0.817129x1,97498,112449,95654,102570,51561,PASS_AUTOMATED
validation_set,UKCHLL049,data/extracted/curvas/validation_set/UKCHLL049/image.nii.gz,data/derived/curvas/pancreas_majority_vote/UKCHLL049.nii.gz,512x512x867,0.745129x0.745129x1,62394,65650,63792,65046,38136,PASS_AUTOMATED
validation_set,UKCHLL051,data/extracted/curvas/validation_set/UKCHLL051/image.nii.gz,data/derived/curvas/pancreas_majority_vote/UKCHLL051.nii.gz,512x512x992,0.966477x0.966477x1,130976,130804,130365,129878,22175,PASS_AUTOMATED
validation_set,UKCHLL058,data/extracted/curvas/validation_set/UKCHLL058/image.nii.gz,data/derived/curvas/pancreas_majority_vote/UKCHLL058.nii.gz,512x512x1007,0.976562x0.976562x1,164886,180734,165551,169920,32521,PASS_AUTOMATED
validation_set,UKCHLL059,data/extracted/curvas/validation_set/UKCHLL059/image.nii.gz,data/derived/curvas/pancreas_majority_vote/UKCHLL059.nii.gz,512x512x624,0.974555x0.974555x1,96967,105718,101803,101782,24422,PASS_AUTOMATED
validation_set,UKCHLL061,data/extracted/curvas/validation_set/UKCHLL061/image.nii.gz,data/derived/curvas/pancreas_majority_vote/UKCHLL061.nii.gz,512x512x987,0.900516x0.900516x1,156934,161767,161489,158177,37899,PASS_AUTOMATED
testing_set,UKCHLL003,data/extracted/curvas/testing_set/UKCHLL003/image.nii.gz,data/derived/curvas/pancreas_majority_vote/UKCHLL003.nii.gz,512x512x866,0.820312x0.820312x1,113378,122007,119861,120025,23105,PASS_AUTOMATED
testing_set,UKCHLL005,data/extracted/curvas/testing_set/UKCHLL005/image.nii.gz,data/derived/curvas/pancreas_majority_vote/UKCHLL005.nii.gz,512x512x920,0.807637x0.807637x1,185315,199312,186523,186352,47030,PASS_AUTOMATED
testing_set,UKCHLL007,data/extracted/curvas/testing_set/UKCHLL007/image.nii.gz,data/derived/curvas/pancreas_majority_vote/UKCHLL007.nii.gz,512x512x981,0.976562x0.976562x1,93697,96354,103808,96588,31409,REVIEW_HEADER_MISMATCH
testing_set,UKCHLL008,data/extracted/curvas/testing_set/UKCHLL008/image.nii.gz,data/derived/curvas/pancreas_majority_vote/UKCHLL008.nii.gz,512x512x1045,0.976562x0.976562x1,33776,53860,47083,47152,31243,PASS_AUTOMATED
testing_set,UKCHLL010,data/extracted/curvas/testing_set/UKCHLL010/image.nii.gz,data/derived/curvas/pancreas_majority_vote/UKCHLL010.nii.gz,512x512x780,0.877379x0.877379x1,170340,186485,170886,175429,50998,PASS_AUTOMATED
testing_set,UKCHLL013,data/extracted/curvas/testing_set/UKCHLL013/image.nii.gz,data/derived/curvas/pancreas_majority_vote/UKCHLL013.nii.gz,512x512x855,0.881836x0.881836x1,149286,159604,151136,150106,27102,PASS_AUTOMATED
testing_set,UKCHLL018,data/extracted/curvas/testing_set/UKCHLL018/image.nii.gz,data/derived/curvas/pancreas_majority_vote/UKCHLL018.nii.gz,512x512x692,0.874785x0.874785x1,213914,217947,206810,210477,43706,PASS_AUTOMATED
testing_set,UKCHLL020,data/extracted/curvas/testing_set/UKCHLL020/image.nii.gz,data/derived/curvas/pancreas_majority_vote/UKCHLL020.nii.gz,512x512x983,0.976562x0.976562x1,80968,97511,85647,88054,24848,PASS_AUTOMATED
testing_set,UKCHLL025,data/extracted/curvas/testing_set/UKCHLL025/image.nii.gz,data/derived/curvas/pancreas_majority_vote/UKCHLL025.nii.gz,512x512x985,0.976469x0.976469x1,155462,162805,158584,158904,16091,PASS_AUTOMATED
testing_set,UKCHLL026,data/extracted/curvas/testing_set/UKCHLL026/image.nii.gz,data/derived/curvas/pancreas_majority_vote/UKCHLL026.nii.gz,512x512x995,0.976562x0.976562x1,209461,239153,216332,214669,37163,PASS_AUTOMATED
testing_set,UKCHLL027,data/extracted/curvas/testing_set/UKCHLL027/image.nii.gz,data/derived/curvas/pancreas_majority_vote/UKCHLL027.nii.gz,512x512x936,0.976074x0.976074x1,118859,132051,125960,126254,21106,PASS_AUTOMATED
testing_set,UKCHLL028,data/extracted/curvas/testing_set/UKCHLL028/image.nii.gz,data/derived/curvas/pancreas_majority_vote/UKCHLL028.nii.gz,512x512x932,0.976316x0.976316x1,115217,116043,111481,113542,20329,PASS_AUTOMATED
testing_set,UKCHLL030,data/extracted/curvas/testing_set/UKCHLL030/image.nii.gz,data/derived/curvas/pancreas_majority_vote/UKCHLL030.nii.gz,512x512x1015,0.966762x0.966762x1,117277,123447,138231,123925,48232,PASS_AUTOMATED
testing_set,UKCHLL032,data/extracted/curvas/testing_set/UKCHLL032/image.nii.gz,data/derived/curvas/pancreas_majority_vote/UKCHLL032.nii.gz,512x512x1061,0.934973x0.934973x1,101723,124601,103338,104263,33881,PASS_AUTOMATED
testing_set,UKCHLL052,data/extracted/curvas/testing_set/UKCHLL052/image.nii.gz,data/derived/curvas/pancreas_majority_vote/UKCHLL052.nii.gz,512x512x993,0.892441x0.892441x1,115913,122954,117775,117914,16786,PASS_AUTOMATED
testing_set,UKCHLL053,data/extracted/curvas/testing_set/UKCHLL053/image.nii.gz,data/derived/curvas/pancreas_majority_vote/UKCHLL053.nii.gz,512x512x953,0.958984x0.958984x1,140782,149388,143076,143175,17817,PASS_AUTOMATED
testing_set,UKCHLL054,data/extracted/curvas/testing_set/UKCHLL054/image.nii.gz,data/derived/curvas/pancreas_majority_vote/UKCHLL054.nii.gz,512x512x995,0.976562x0.976562x1,121361,127785,122998,122648,11174,PASS_AUTOMATED
testing_set,UKCHLL055,data/extracted/curvas/testing_set/UKCHLL055/image.nii.gz,data/derived/curvas/pancreas_majority_vote/UKCHLL055.nii.gz,512x512x964,0.751285x0.751285x1,152494,150724,145670,147980,34208,PASS_AUTOMATED
testing_set,UKCHLL057,data/extracted/curvas/testing_set/UKCHLL057/image.nii.gz,data/derived/curvas/pancreas_majority_vote/UKCHLL057.nii.gz,512x512x812,0.922938x0.922938x1,145685,165067,130261,146664,54983,PASS_AUTOMATED
testing_set,UKCHLL062,data/extracted/curvas/testing_set/UKCHLL062/image.nii.gz,data/derived/curvas/pancreas_majority_vote/UKCHLL062.nii.gz,512x512x1039,0.976074x0.976074x1,132492,138376,134449,134517,8052,PASS_AUTOMATED
testing_set,UKCHLL064,data/extracted/curvas/testing_set/UKCHLL064/image.nii.gz,data/derived/curvas/pancreas_majority_vote/UKCHLL064.nii.gz,512x512x1352,0.683594x0.683594x0.75,330636,360925,357963,354203,71219,PASS_AUTOMATED
testing_set,UKCHLL066,data/extracted/curvas/testing_set/UKCHLL066/image.nii.gz,data/derived/curvas/pancreas_majority_vote/UKCHLL066.nii.gz,512x512x897,0.976359x0.976359x1,104373,133475,110751,110821,33634,PASS_AUTOMATED
testing_set,UKCHLL067,data/extracted/curvas/testing_set/UKCHLL067/image.nii.gz,data/derived/curvas/pancreas_majority_vote/UKCHLL067.nii.gz,512x512x795,0.976051x0.976051x1,149203,160263,159029,156445,31738,PASS_AUTOMATED
testing_set,UKCHLL069,data/extracted/curvas/testing_set/UKCHLL069/image.nii.gz,data/derived/curvas/pancreas_majority_vote/UKCHLL069.nii.gz,512x512x996,0.976074x0.976074x1,138955,153102,140615,140717,16061,PASS_AUTOMATED
testing_set,UKCHLL070,data/extracted/curvas/testing_set/UKCHLL070/image.nii.gz,data/derived/curvas/pancreas_majority_vote/UKCHLL070.nii.gz,512x512x812,0.954277x0.954277x1,82616,93293,83590,86850,22095,PASS_AUTOMATED
testing_set,UKCHLL071,data/extracted/curvas/testing_set/UKCHLL071/image.nii.gz,data/derived/curvas/pancreas_majority_vote/UKCHLL071.nii.gz,512x512x1083,0.963914x0.963914x1,141974,149425,137261,142285,30573,PASS_AUTOMATED
testing_set,UKCHLL073,data/extracted/curvas/testing_set/UKCHLL073/image.nii.gz,data/derived/curvas/pancreas_majority_vote/UKCHLL073.nii.gz,512x512x923,0.976562x0.976562x1,24685,28636,22889,24775,12565,PASS_AUTOMATED
testing_set,UKCHLL075,data/extracted/curvas/testing_set/UKCHLL075/image.nii.gz,data/derived/curvas/pancreas_majority_vote/UKCHLL075.nii.gz,512x512x1032,0.97632x0.97632x1,123304,130873,127732,124550,67741,PASS_AUTOMATED
testing_set,UKCHLL076,data/extracted/curvas/testing_set/UKCHLL076/image.nii.gz,data/derived/curvas/pancreas_majority_vote/UKCHLL076.nii.gz,512x512x981,0.955836x0.955836x1,91710,100734,92920,93243,18389,PASS_AUTOMATED
testing_set,UKCHLL077,data/extracted/curvas/testing_set/UKCHLL077/image.nii.gz,data/derived/curvas/pancreas_majority_vote/UKCHLL077.nii.gz,512x512x897,0.908387x0.908387x1,86680,102241,94688,95622,30901,PASS_AUTOMATED
testing_set,UKCHLL078,data/extracted/curvas/testing_set/UKCHLL078/image.nii.gz,data/derived/curvas/pancreas_majority_vote/UKCHLL078.nii.gz,512x512x917,0.976156x0.976156x1,140321,161660,143968,146830,41877,PASS_AUTOMATED
testing_set,UKCHLL080,data/extracted/curvas/testing_set/UKCHLL080/image.nii.gz,data/derived/curvas/pancreas_majority_vote/UKCHLL080.nii.gz,512x512x895,0.898465x0.898465x1,114176,153233,114443,122803,97521,PASS_AUTOMATED
testing_set,UKCHLL081,data/extracted/curvas/testing_set/UKCHLL081/image.nii.gz,data/derived/curvas/pancreas_majority_vote/UKCHLL081.nii.gz,512x512x822,0.865266x0.865266x1,79479,100319,80848,81548,28438,PASS_AUTOMATED
testing_set,UKCHLL082,data/extracted/curvas/testing_set/UKCHLL082/image.nii.gz,data/derived/curvas/pancreas_majority_vote/UKCHLL082.nii.gz,512x512x881,0.97632x0.97632x1,88706,91625,0,85870,94461,REVIEW_EMPTY_EXPERT
testing_set,UKCHLL083,data/extracted/curvas/testing_set/UKCHLL083/image.nii.gz,data/derived/curvas/pancreas_majority_vote/UKCHLL083.nii.gz,512x512x607,0.923234x0.923234x1,138339,157858,152597,151760,38418,PASS_AUTOMATED
testing_set,UKCHLL084,data/extracted/curvas/testing_set/UKCHLL084/image.nii.gz,data/derived/curvas/pancreas_majority_vote/UKCHLL084.nii.gz,512x512x966,0.887316x0.887316x1,126470,136127,135414,134624,28989,PASS_AUTOMATED
testing_set,UKCHLL086,data/extracted/curvas/testing_set/UKCHLL086/image.nii.gz,data/derived/curvas/pancreas_majority_vote/UKCHLL086.nii.gz,512x512x995,0.976254x0.976254x1,123770,123385,137722,123766,43335,PASS_AUTOMATED
testing_set,UKCHLL087,data/extracted/curvas/testing_set/UKCHLL087/image.nii.gz,data/derived/curvas/pancreas_majority_vote/UKCHLL087.nii.gz,512x512x1027,0.94168x0.94168x1,109906,113723,109237,110333,22893,PASS_AUTOMATED
testing_set,UKCHLL089,data/extracted/curvas/testing_set/UKCHLL089/image.nii.gz,data/derived/curvas/pancreas_majority_vote/UKCHLL089.nii.gz,512x512x913,0.976562x0.976562x1,150077,165725,157728,158517,30617,PASS_AUTOMATED
testing_set,UKCHLL090,data/extracted/curvas/testing_set/UKCHLL090/image.nii.gz,data/derived/curvas/pancreas_majority_vote/UKCHLL090.nii.gz,512x512x917,0.974242x0.974242x1,130343,134715,125483,132170,39355,PASS_AUTOMATED
testing_set,UKCHLL091,data/extracted/curvas/testing_set/UKCHLL091/image.nii.gz,data/derived/curvas/pancreas_majority_vote/UKCHLL091.nii.gz,512x512x957,0.840207x0.840207x1,110792,129248,126459,125253,35162,PASS_AUTOMATED
testing_set,UKCHLL092,data/extracted/curvas/testing_set/UKCHLL092/image.nii.gz,data/derived/curvas/pancreas_majority_vote/UKCHLL092.nii.gz,512x512x620,0.976293x0.976293x1,96819,102674,98594,99104,21083,PASS_AUTOMATED
testing_set,UKCHLL093,data/extracted/curvas/testing_set/UKCHLL093/image.nii.gz,data/derived/curvas/pancreas_majority_vote/UKCHLL093.nii.gz,512x512x752,0.878215x0.878215x1,110881,116990,112812,111499,19136,PASS_AUTOMATED
testing_set,UKCHLL094,data/extracted/curvas/testing_set/UKCHLL094/image.nii.gz,data/derived/curvas/pancreas_majority_vote/UKCHLL094.nii.gz,512x512x1053,0.97632x0.97632x1,120536,128622,123052,123112,16196,PASS_AUTOMATED
testing_set,UKCHLL095,data/extracted/curvas/testing_set/UKCHLL095/image.nii.gz,data/derived/curvas/pancreas_majority_vote/UKCHLL095.nii.gz,512x512x948,0.976562x0.976562x1,24897,25353,14623,22046,24979,PASS_AUTOMATED
testing_set,UKCHLL096,data/extracted/curvas/testing_set/UKCHLL096/image.nii.gz,data/derived/curvas/pancreas_majority_vote/UKCHLL096.nii.gz,512x512x918,0.928707x0.928707x1,100739,130374,107345,108399,36803,PASS_AUTOMATED
testing_set,UKCHLL097,data/extracted/curvas/testing_set/UKCHLL097/image.nii.gz,data/derived/curvas/pancreas_majority_vote/UKCHLL097.nii.gz,512x512x909,0.846484x0.846484x1,181073,178815,174357,177498,30303,PASS_AUTOMATED
testing_set,UKCHLL098,data/extracted/curvas/testing_set/UKCHLL098/image.nii.gz,data/derived/curvas/pancreas_majority_vote/UKCHLL098.nii.gz,512x512x1023,0.971543x0.971543x1,102838,124397,107960,110529,34508,PASS_AUTOMATED
testing_set,UKCHLL099,data/extracted/curvas/testing_set/UKCHLL099/image.nii.gz,data/derived/curvas/pancreas_majority_vote/UKCHLL099.nii.gz,512x512x1059,0.976562x0.976562x1,98677,104625,35497,92948,86277,PASS_AUTOMATED
testing_set,UKCHLL100,data/extracted/curvas/testing_set/UKCHLL100/image.nii.gz,data/derived/curvas/pancreas_majority_vote/UKCHLL100.nii.gz,512x512x893,0.946844x0.946844x1,86173,96915,93611,92834,20305,PASS_AUTOMATED
testing_set,UKCHLL101,data/extracted/curvas/testing_set/UKCHLL101/image.nii.gz,data/derived/curvas/pancreas_majority_vote/UKCHLL101.nii.gz,512x512x864,0.71875x0.71875x0.75,281571,301135,308706,300203,60875,PASS_AUTOMATED
testing_set,UKCHLL102,data/extracted/curvas/testing_set/UKCHLL102/image.nii.gz,data/derived/curvas/pancreas_majority_vote/UKCHLL102.nii.gz,512x512x640,0.711566x0.711566x1,238353,212191,208981,213993,48328,PASS_AUTOMATED
testing_set,UKCHLL103,data/extracted/curvas/testing_set/UKCHLL103/image.nii.gz,data/derived/curvas/pancreas_majority_vote/UKCHLL103.nii.gz,512x512x967,0.976562x0.976562x1,65390,74193,67818,67995,12904,PASS_AUTOMATED
testing_set,UKCHLL104,data/extracted/curvas/testing_set/UKCHLL104/image.nii.gz,data/derived/curvas/pancreas_majority_vote/UKCHLL104.nii.gz,512x512x899,0.976562x0.976562x1,89275,92754,90904,90082,11697,PASS_AUTOMATED
testing_set,UKCHLL105,data/extracted/curvas/testing_set/UKCHLL105/image.nii.gz,data/derived/curvas/pancreas_majority_vote/UKCHLL105.nii.gz,512x512x973,0.905219x0.905219x1,135691,139817,134839,136875,29460,PASS_AUTOMATED
testing_set,UKCHLL106,data/extracted/curvas/testing_set/UKCHLL106/image.nii.gz,data/derived/curvas/pancreas_majority_vote/UKCHLL106.nii.gz,512x512x915,0.976074x0.976074x1,64535,74496,71253,70941,29925,PASS_AUTOMATED
testing_set,UKCHLL107,data/extracted/curvas/testing_set/UKCHLL107/image.nii.gz,data/derived/curvas/pancreas_majority_vote/UKCHLL107.nii.gz,512x512x1015,0.97632x0.97632x1,124012,127833,129120,127746,25815,PASS_AUTOMATED
testing_set,UKCHLL108,data/extracted/curvas/testing_set/UKCHLL108/image.nii.gz,data/derived/curvas/pancreas_majority_vote/UKCHLL108.nii.gz,512x512x1050,0.976562x0.976562x1,67388,73238,68748,68759,8505,PASS_AUTOMATED
testing_set,UKCHLL109,data/extracted/curvas/testing_set/UKCHLL109/image.nii.gz,data/derived/curvas/pancreas_majority_vote/UKCHLL109.nii.gz,512x512x1076,0.975453x0.975453x1,131426,132971,130570,131092,23723,PASS_AUTOMATED
testing_set,UKCHLL110,data/extracted/curvas/testing_set/UKCHLL110/image.nii.gz,data/derived/curvas/pancreas_majority_vote/UKCHLL110.nii.gz,512x512x1085,0.964305x0.964305x1,94204,109534,100552,101943,32159,PASS_AUTOMATED
testing_set,UKCHLL111,data/extracted/curvas/testing_set/UKCHLL111/image.nii.gz,data/derived/curvas/pancreas_majority_vote/UKCHLL111.nii.gz,512x512x1225,0.900391x0.900391x0.75,168440,210649,164269,171255,69147,PASS_AUTOMATED
testing_set,UKCHLL112,data/extracted/curvas/testing_set/UKCHLL112/image.nii.gz,data/derived/curvas/pancreas_majority_vote/UKCHLL112.nii.gz,512x512x1085,0.976562x0.976562x1,195579,202970,197766,197156,23489,PASS_AUTOMATED
testing_set,UKCHLL113,data/extracted/curvas/testing_set/UKCHLL113/image.nii.gz,data/derived/curvas/pancreas_majority_vote/UKCHLL113.nii.gz,512x512x960,0.883625x0.883625x1,175456,189763,182156,181697,39600,PASS_AUTOMATED
testing_set,UKCHLL114,data/extracted/curvas/testing_set/UKCHLL114/image.nii.gz,data/derived/curvas/pancreas_majority_vote/UKCHLL114.nii.gz,512x512x931,0.931391x0.931391x1,109889,116718,109953,109967,15419,PASS_AUTOMATED
testing_set,UKCHLL115,data/extracted/curvas/testing_set/UKCHLL115/image.nii.gz,data/derived/curvas/pancreas_majority_vote/UKCHLL115.nii.gz,512x512x797,0.976562x0.976562x0.7,136855,143205,134775,136861,10898,PASS_AUTOMATED
